id,name,unit_name,emptyspace,fakerank
96000,(+)-Catechin,MG,,63001
96001,(+)-Gallocatechin,MG,,63001
96002,(-)-Epicatechin,MG,,63001
96003,(-)-Epicatechin 3-O-gallate,MG,,63001
96004,(-)-Epigallocatechin,MG,,63001
96005,(-)-Epigallocatechin 3-O-gallate,MG,,63001
96006,02 mers,MG,,63001
96007,03 mers,MG,,63001
96008,04-06 mers,MG,,63001
96009,07-10 mers,MG,,63001
96010,"1,4-Naphtoquinone",MG,,63001
96011,13-cis-retinol,MG,,63001
96012,"2,3-Dihydroxy-1-guaiacylpropanone",MG,,63001
96013,25-hydroxy D2-vitamin,MG,,63001
96014,25-hydroxy D3-vitamin,MG,,63001
96015,25-hydroxy Vitamin D2,MG,,63001
96016,25-hydroxy vitamin D3,MG,,63001
96017,25-hydroxycholecalciferol (25OHVitD3),MG,,63001
96018,"3,7-Dimethylquercetin",MG,,63001
96019,3-Methylcatechol,MG,,63001
96020,3_alpha,MG,,63001
96021,4-Ethylcatechol,MG,,63001
96022,4-Ethylguaiacol,MG,,63001
96023,4-Ethylphenol,MG,,63001
96024,4-Hydroxybenzaldehyde,MG,,63001
96025,4-Hydroxycoumarin,MG,,63001
96026,4-Methylcatechol,MG,,63001
96027,4-Vinylguaiacol,MG,,63001
96028,4-Vinylphenol,MG,,63001
96029,5-Heneicosenylresorcinol,MG,,63001
96030,5-Heneicosylresorcinol,MG,,63001
96031,5-Heptadecylresorcinol,MG,,63001
96032,5-mehtyl folate,MG,,63001
96033,5-Nonadecenylresorcinol,MG,,63001
96034,5-Nonadecylresorcinol,MG,,63001
96035,5-Pentacosenylresorcinol,MG,,63001
96036,5-Pentacosylresorcinol,MG,,63001
96037,5-Pentadecylresorcinol,MG,,63001
96038,5-Tricosenylresorcinol,MG,,63001
96039,5-Tricosylresorcinol,MG,,63001
96040,6-Geranylnaringenin,MG,,63001
96041,6-Prenylnaringenin,MG,,63001
96042,8-Prenylnaringenin,MG,,63001
96043,A-vitamin,MG,,63001
96044,AA (pernitrogen),MG,,63001
96045,AAA,MG,,63001
96046,AAE-,MG,,63001
96047,AAE8,MG,,63001
96048,AANE,MG,,63001
96049,AAS,MG,,63001
96050,AAT-,MG,,63001
96051,AAT18,MG,,63001
96052,AAT19,MG,,63001
96053,AAT24,MG,,63001
96054,ACEAC,MG,,63001
96055,ACW,MG,,63001
96056,Added Sugar,MG,,63001
96057,ALA,MG,,63001
96058,ALA_A_ARG,MG,,63001
96059,Alanin,MG,,63001
96060,ALBU,MG,,63001
96061,ALC,MG,,63001
96062,Alcohol,MG,,63001
96063,Alcool,MG,,63001
96064,Alfa-carotene,MG,,63001
96065,alfa-Tokoferol,MG,,63001
96066,alfa-Tokotrienol,MG,,63001
96067,alim_grp_nom_eng,MG,,63001
96068,alim_nom_eng,MG,,63001
96069,alim_nom_sci,MG,,63001
96070,alim_ssgrp_nom_eng,MG,,63001
96071,alim_ssssgrp_nom_eng,MG,,63001
96072,Alkohol,MG,,63001
96073,Alkylmethoxyphenols,MG,,63001
96074,Alkylphenols,MG,,63001
96075,All-trans-retinol,MG,,63001
96076,Alpha-carotene,MG,,63001
96077,Alpha-carotène,MG,,63001
96078,Alpha-tocopherol,MG,,63001
96079,Alpha-tocopherol (vitamine E),MG,,63001
96080,Alpha-tocophérol,MG,,63001
96081,Alpha-tocotrienol,MG,,63001
96082,Aluminium,MG,,63001
96083,Aminosyrer og Nitrogen,MG,,63001
96084,AMMON,MG,,63001
96085,AMYS,MG,,63001
96086,Analytical/Biodiversity,MG,,63001
96087,Andre fedtsyrer,MG,,63001
96088,ANTCYAN,MG,,63001
96089,ANTCYANIN,MG,,63001
96090,Anthocyanins,MG,,63001
96091,ANTHX,MG,,63001
96092,AOAC fibre,MG,,63001
96093,ARAS,MG,,63001
96094,Arctigenin,MG,,63001
96095,ARG,MG,,63001
96096,Arginin,MG,,63001
96097,Arsen,MG,,63001
96098,ASCDL,MG,,63001
96099,ASCL,MG,,63001
96100,Ascorbinsyre,MG,,63001
96101,Aske,MG,,63001
96102,ASN,MG,,63001
96103,ASN_A_ASP,MG,,63001
96104,ASP,MG,,63001
96105,Asparaginsyre,MG,,63001
96106,ATX,MG,,63001
96107,AVED5,MG,,63001
96108,B12-vitamin,MG,,63001
96109,B6-vitamin,MG,,63001
96110,BENAC,MG,,63001
96111,Benzosyre,MG,,63001
96112,beta-Caroten,MG,,63001
96113,Beta-carotene,MG,,63001
96114,Beta-cryptoxanthin,MG,,63001
96115,Beta-tocopherol,MG,,63001
96116,beta-Tokoferol,MG,,63001
96117,Bevat sporen van/Contains traces of,MG,,63001
96118,Bibliography,MG,,63001
96119,Bioactive constituents,MG,,63001
96120,Biogene aminer,MG,,63001
96121,Biogenic amines,MG,,63001
96122,BIOT,MG,,63001
96123,Bly,MG,,63001
96124,Bor,MG,,63001
96125,Branched chain FA /100g FA,MG,,63001
96126,BRASTR,MG,,63001
96127,BRD,MG,,63001
96128,Breed,MG,,63001
96129,Brom,MG,,63001
96130,Bêta-carotène,MG,,63001
96131,Bêta-cryptoxanthine,MG,,63001
96132,Bêta-tocophérol,MG,,63001
96133,C-vitamin,MG,,63001
96134,C10:0,MG,,63001
96135,C10:0 /100g FA,MG,,63001
96136,C10:1 /100g FA,MG,,63001
96137,C10:1 cis,MG,,63001
96138,C10:1 trans,MG,,63001
96139,C11:0,MG,,63001
96140,C11:0 ex Br /100g FA,MG,,63001
96141,C12:0,MG,,63001
96142,C12:0 /100g FA,MG,,63001
96143,C12:0 ex Br /100g FA,MG,,63001
96144,C12:1 /100g FA,MG,,63001
96145,C12:1 cis,MG,,63001
96146,C12:1 trans,MG,,63001
96147,"C12:1,n-1",MG,,63001
96148,C13:0,MG,,63001
96149,C13:0 /100g FA,MG,,63001
96150,C13:0 ex Br /100g FA,MG,,63001
96151,C14:0,MG,,63001
96152,C14:0 /100g FA,MG,,63001
96153,C14:0 ex Br /100g FA,MG,,63001
96154,C14:1 /100g FA,MG,,63001
96155,C14:1 cis,MG,,63001
96156,C14:1 trans,MG,,63001
96157,"C14:1,n-5",MG,,63001
96158,"C14:1,n-5,trans",MG,,63001
96159,C15:0,MG,,63001
96160,C15:0 /100g FA,MG,,63001
96161,C15:0 ex Br /100g FA,MG,,63001
96162,C15:1 /100g FA,MG,,63001
96163,"C15:1,n-5",MG,,63001
96164,C16:0,MG,,63001
96165,C16:0 /100g FA,MG,,63001
96166,C16:0 ex Br /100g FA,MG,,63001
96167,C16:1 /100g FA,MG,,63001
96168,C16:1 cis,MG,,63001
96169,C16:1 trans,MG,,63001
96170,"C16:1,n-7",MG,,63001
96171,"C16:1,n-7,trans",MG,,63001
96172,C16:2 /100g FA,MG,,63001
96173,C16:4 /100g FA,MG,,63001
96174,C17:0,MG,,63001
96175,C17:0 /100g FA,MG,,63001
96176,C17:0 ex Br /100g FA,MG,,63001
96177,C17:1 /100g FA,MG,,63001
96178,"C17:1,n-7",MG,,63001
96179,C18:0,MG,,63001
96180,C18:0 /100g FA,MG,,63001
96181,C18:0 ex Br /100g FA,MG,,63001
96182,C18:1 /100g FA,MG,,63001
96183,C18:1 cis,MG,,63001
96184,"C18:1,n-12",MG,,63001
96185,"C18:1,n-7",MG,,63001
96186,"C18:1,n-9",MG,,63001
96187,"C18:1,trans",MG,,63001
96188,C18:2 /100g FA,MG,,63001
96189,C18:2 cis trans,MG,,63001
96190,C18:2 n-6 trans,MG,,63001
96191,C18:2 n-9 cis,MG,,63001
96192,C18:2 remainder,MG,,63001
96193,C18:2 trans cis,MG,,63001
96194,"C18:2,conjugated",MG,,63001
96195,"C18:2,konjugeret",MG,,63001
96196,"C18:2,n-6",MG,,63001
96197,"C18:2,trans",MG,,63001
96198,C18:3 /100g FA,MG,,63001
96199,C18:3 n-3 cis (ALA),MG,,63001
96200,C18:3 n-3 trans,MG,,63001
96201,C18:3 n-6 cis,MG,,63001
96202,"C18:3,n-3",MG,,63001
96203,"C18:3,n-6",MG,,63001
96204,"C18:3,trans",MG,,63001
96205,C18:4 /100g FA,MG,,63001
96206,C18:4 n-3 cis,MG,,63001
96207,"C18:4,n-3",MG,,63001
96208,C19:0,MG,,63001
96209,C19:0 /100g FA,MG,,63001
96210,C20:0,MG,,63001
96211,C20:0 /100g FA,MG,,63001
96212,C20:0 ex Br /100g FA,MG,,63001
96213,C20:1 /100g FA,MG,,63001
96214,C20:1 cis,MG,,63001
96215,C20:1 trans,MG,,63001
96216,"C20:1,n-11",MG,,63001
96217,"C20:1,n-15",MG,,63001
96218,"C20:1,n-9",MG,,63001
96219,"C20:1,trans",MG,,63001
96220,C20:2 /100g FA,MG,,63001
96221,C20:2 n-6 cis,MG,,63001
96222,C20:2 n-6 trans,MG,,63001
96223,"C20:2,n-6",MG,,63001
96224,C20:3 /100g FA,MG,,63001
96225,C20:3 n-3 cis,MG,,63001
96226,C20:3 n-6 cis,MG,,63001
96227,C20:3 n-9 cis,MG,,63001
96228,"C20:3,n-3",MG,,63001
96229,"C20:3,n-6",MG,,63001
96230,C20:4 /100g FA,MG,,63001
96231,C20:4 n-3 cis,MG,,63001
96232,C20:4 n-6 cis,MG,,63001
96233,"C20:4,n-3",MG,,63001
96234,"C20:4,n-6",MG,,63001
96235,C20:5 /100g FA,MG,,63001
96236,C20:5 n-3 cis (EPA),MG,,63001
96237,"C20:5,n-3",MG,,63001
96238,C21:0,MG,,63001
96239,C21:5 /100g FA,MG,,63001
96240,C21:5 n-3 all-cis,MG,,63001
96241,"C21:5,n-3",MG,,63001
96242,C22:0,MG,,63001
96243,C22:0 /100g FA,MG,,63001
96244,C22:0 ex Br /100g FA,MG,,63001
96245,C22:1 /100g FA,MG,,63001
96246,C22:1 cis,MG,,63001
96247,C22:1 trans,MG,,63001
96248,"C22:1,n-11",MG,,63001
96249,"C22:1,n-9",MG,,63001
96250,"C22:1,trans",MG,,63001
96251,C22:2 /100g FA,MG,,63001
96252,C22:2 n-3 cis,MG,,63001
96253,C22:2 n-6 cis,MG,,63001
96254,"C22:2,n-6",MG,,63001
96255,C22:3 n-3 cis,MG,,63001
96256,"C22:3,n-3",MG,,63001
96257,C22:4 /100g FA,MG,,63001
96258,C22:4 n-6 cis,MG,,63001
96259,"C22:4,n-6",MG,,63001
96260,C22:5 /100g FA,MG,,63001
96261,C22:5 n-3 cis (DPA),MG,,63001
96262,C22:5 n-6 cis,MG,,63001
96263,"C22:5,n-3",MG,,63001
96264,"C22:5,n-6",MG,,63001
96265,C22:6 /100g FA,MG,,63001
96266,C22:6 n-3 cis (DHA),MG,,63001
96267,"C22:6,n-3",MG,,63001
96268,C23:0,MG,,63001
96269,C24:0,MG,,63001
96270,C24:0 /100g FA,MG,,63001
96271,C24:0 ex Br /100g FA,MG,,63001
96272,C24:1 /100g FA,MG,,63001
96273,C24:1 cis,MG,,63001
96274,C24:1 trans,MG,,63001
96275,"C24:1,n-9",MG,,63001
96276,C24:2 n-6 ciscis,MG,,63001
96277,C25:0,MG,,63001
96278,C25:0 ex Br /100g FA,MG,,63001
96279,C26:0,MG,,63001
96280,C4:0,MG,,63001
96281,C4:0 /100g FA,MG,,63001
96282,C6:0,MG,,63001
96283,C6:0 /100g FA,MG,,63001
96284,C8:0,MG,,63001
96285,C8:0 /100g FA,MG,,63001
96286,Cadaverin,MG,,63001
96287,Cadaverine,MG,,63001
96288,CADAVT,MG,,63001
96289,CAFFAC,MG,,63001
96290,CAFFAC.1,MG,,63001
96291,CAFFN,MG,,63001
96292,CAMT,MG,,63001
96293,CAROT,MG,,63001
96294,CARTA,MG,,63001
96295,CARTB,MG,,63001
96296,CARTBCIS,MG,,63001
96297,CARTBEQ,MG,,63001
96298,CARTBTOT,MG,,63001
96299,CARTBTRANS,MG,,63001
96300,CARTG,MG,,63001
96301,CAS_Nr,MG,,63001
96302,CASN,MG,,63001
96303,CATEC,MG,,63001
96304,Catechol,MG,,63001
96305,CATECT,MG,,63001
96306,CELLU,MG,,63001
96307,Chalcones,MG,,63001
96308,ChEBI,MG,,63001
96309,ChEMBL,MG,,63001
96310,CHITIN,MG,,63001
96311,CHLNP,MG,,63001
96312,CHLRAC,MG,,63001
96313,CHO,MG,,63001
96314,CHO-,MG,,63001
96315,CHOAVL,MG,,63001
96316,CHOAVL-,MG,,63001
96317,CHOAVLDF,MG,,63001
96318,CHOAVLM,MG,,63001
96319,CHOAVLO,MG,,63001
96320,CHOCAL,MG,,63001
96321,CHOCAL(IU),MG,,63001
96322,CHOCALOH,MG,,63001
96323,CHOCDF,MG,,63001
96324,CHOL-,MG,,63001
96325,CHOLE,MG,,63001
96326,Cholecalciferol,MG,,63001
96327,Cholecalciferol (Vit D3),MG,,63001
96328,CHOLEST,MG,,63001
96329,Cholestérol,MG,,63001
96330,Cholin,MG,,63001
96331,Choline and derivatives,MG,,63001
96332,CHOLN,MG,,63001
96333,CHORL,MG,,63001
96334,CHOT,MG,,63001
96335,CINAC,MG,,63001
96336,Cinnamtannin A2,MG,,63001
96337,cis C10:1 /100g FA,MG,,63001
96338,cis C12:1 /100g FA,MG,,63001
96339,cis C14:1 /100g FA,MG,,63001
96340,cis C15:1 /100g FA,MG,,63001
96341,cis C16:1 /100g FA,MG,,63001
96342,cis C16:2 /100g FA,MG,,63001
96343,cis C16:3 /100g FA,MG,,63001
96344,cis C16:4 /100g FA,MG,,63001
96345,cis C17:1 /100g FA,MG,,63001
96346,cis C18:1 /100g FA,MG,,63001
96347,cis C20:1 /100g FA,MG,,63001
96348,cis C22:1 /100g FA,MG,,63001
96349,cis C24:1 /100g FA,MG,,63001
96350,cis n-3 C18:3 /100g FA,MG,,63001
96351,cis n-3 C18:4 /100g FA,MG,,63001
96352,cis n-3 C20:5 /100g FA,MG,,63001
96353,cis n-3 C21:5 /100g FA,MG,,63001
96354,cis n-3 C22:5 /100g FA,MG,,63001
96355,cis n-3 C22:6 /100g FA,MG,,63001
96356,cis n-6 C18:2 /100g FA,MG,,63001
96357,cis n-6 C18:3 /100g FA,MG,,63001
96358,cis n-6 C20:2 /100g FA,MG,,63001
96359,cis n-6 C20:3 /100g FA,MG,,63001
96360,cis n-6 C20:4 /100g FA,MG,,63001
96361,cis n-6 C22:2 /100g FA,MG,,63001
96362,cis n-6 C22:3 /100g FA,MG,,63001
96363,cis n-6 C22:4 /100g FA,MG,,63001
96364,cis-beta-Caroten,MG,,63001
96365,cis-Mono FA /100g FA,MG,,63001
96366,cis-Polyu FA /100g FA,MG,,63001
96367,cis/trans C18:1n-7 /100g FA,MG,,63001
96368,cis/trans C18:1n-9 /100g FA,MG,,63001
96369,cis/trans C22:1n-11 /100g FA,MG,,63001
96370,cis/trans C22:1n-9 /100g FA,MG,,63001
96371,CITAC,MG,,63001
96372,Citronsyre,MG,,63001
96373,CLD,MG,,63001
96374,cLogP,MG,,63001
96375,Cobalamin (Vit B12),MG,,63001
96376,Cobolt,MG,,63001
96377,Comments,MG,,63001
96378,Compiler,MG,,63001
96379,Component,MG,,63001
96380,Component in English,MG,,63001
96381,Component in French,MG,,63001
96382,Composant en anglais,MG,,63001
96383,Composant en français,MG,,63001
96384,compound,MG,,63001
96385,const_nom_eng,MG,,63001
96386,"Country, region",MG,,63001
96387,Crude fibre,MG,,63001
96388,Cryptoxanthins,MG,,63001
96389,CRYPX,MG,,63001
96390,CRYPXA,MG,,63001
96391,CRYPXB,MG,,63001
96392,Cuivre,MG,,63001
96393,CYAN,MG,,63001
96394,CYS,MG,,63001
96395,CYS_A_MET,MG,,63001
96396,CYSTE,MG,,63001
96397,Cystin,MG,,63001
96398,D-mælkesyre,MG,,63001
96399,d-Viniferin,MG,,63001
96400,D-vitamin,MG,,63001
96401,D2-vitamin,MG,,63001
96402,D22D1N7,MG,,63001
96403,D3-vitamin,MG,,63001
96404,Dehydroascorbinsyre,MG,,63001
96405,Dehydroretinol,MG,,63001
96406,Delta-tocopherol,MG,,63001
96407,Delta-tocophérol,MG,,63001
96408,delta-Tokoferol,MG,,63001
96409,DEN,MG,,63001
96410,Denominator,MG,,63001
96411,Density,MG,,63001
96412,DFE,MG,,63001
96413,DGLY,MG,,63001
96414,Dietary fibre,MG,,63001
96415,Dietary fibre and starch,MG,,63001
96416,Dietary fibre fractions,MG,,63001
96417,"Dietary fibre, fibre, dietary fibre fractions",MG,,63001
96418,Dihydroflavonols,MG,,63001
96419,DISAC,MG,,63001
96420,DOPN,MG,,63001
96421,Dry matter,MG,,63001
96422,DRYMAT,MG,,63001
96423,e-Viniferin,MG,,63001
96424,E-vitamin,MG,,63001
96425,EBG,MG,,63001
96426,Eddikesyre,MG,,63001
96427,ELLAC,MG,,63001
96428,ENERC,MG,,63001
96429,ENERCC,MG,,63001
96430,ENERCJ,MG,,63001
96431,EPICATEC,MG,,63001
96432,ERGCAL,MG,,63001
96433,ERGCALOH,MG,,63001
96434,Ergocalciferol (Vit D2),MG,,63001
96435,ERGSTR,MG,,63001
96436,Esculetin,MG,,63001
96437,Esculin,MG,,63001
96438,Exact match,MG,,63001
96439,Exact Match (Yes/No),MG,,63001
96440,F10:0,MG,,63001
96441,F10:1CIS,MG,,63001
96442,F10:1TRS,MG,,63001
96443,F10D0,MG,,63001
96444,F10D1,MG,,63001
96445,F11:0,MG,,63001
96446,F11D0,MG,,63001
96447,F12:0,MG,,63001
96448,F12:1CIS,MG,,63001
96449,F12:1TRS,MG,,63001
96450,F12D0,MG,,63001
96451,F12D1,MG,,63001
96452,F13:0,MG,,63001
96453,F13D0,MG,,63001
96454,F13D0I,MG,,63001
96455,F14:0,MG,,63001
96456,F14:1CIS,MG,,63001
96457,F14:1CN5,MG,,63001
96458,F14:1TN5,MG,,63001
96459,F14:1TRS,MG,,63001
96460,F14D0,MG,,63001
96461,F14D0I,MG,,63001
96462,F14D1,MG,,63001
96463,F14D1C,MG,,63001
96464,F14D1CN5,MG,,63001
96465,F14D1N5,MG,,63001
96466,F14D1N7,MG,,63001
96467,F14D1N9,MG,,63001
96468,F14D1T,MG,,63001
96469,F15:0,MG,,63001
96470,F15:1CIS,MG,,63001
96471,F15D0,MG,,63001
96472,F15D0AI,MG,,63001
96473,F15D0I,MG,,63001
96474,F15D1,MG,,63001
96475,F15D1C,MG,,63001
96476,F15D1N10,MG,,63001
96477,F15D1N6,MG,,63001
96478,F15D1N7,MG,,63001
96479,F15D1N8,MG,,63001
96480,F15D1N9,MG,,63001
96481,F16:0,MG,,63001
96482,F16:1CIS,MG,,63001
96483,F16:1CN7,MG,,63001
96484,F16:1TN7,MG,,63001
96485,F16:1TRS,MG,,63001
96486,F16D0,MG,,63001
96487,F16D0AI,MG,,63001
96488,F16D0I,MG,,63001
96489,F16D1,MG,,63001
96490,F16D1C,MG,,63001
96491,F16D1CN7,MG,,63001
96492,F16D1CN9,MG,,63001
96493,F16D1N11,MG,,63001
96494,F16D1N5,MG,,63001
96495,F16D1N5_A_F16D1N7,MG,,63001
96496,F16D1N7,MG,,63001
96497,F16D1N7_A_F16D1N9,MG,,63001
96498,F16D1N8,MG,,63001
96499,F16D1N9,MG,,63001
96500,F16D1T,MG,,63001
96501,F16D1TN7,MG,,63001
96502,F16D2,MG,,63001
96503,F16D2N4,MG,,63001
96504,F16D2N6,MG,,63001
96505,F16D2N7,MG,,63001
96506,F16D2N9,MG,,63001
96507,F16D3N3,MG,,63001
96508,F16D3N4,MG,,63001
96509,F16D3N6,MG,,63001
96510,F16D4,MG,,63001
96511,F16D4N1,MG,,63001
96512,F16D4N3,MG,,63001
96513,F17:0,MG,,63001
96514,F17:1CIS,MG,,63001
96515,F17D0,MG,,63001
96516,F17D0AI,MG,,63001
96517,F17D0I,MG,,63001
96518,F17D1,MG,,63001
96519,F17D1C,MG,,63001
96520,F17D1CN7,MG,,63001
96521,F17D1CN8,MG,,63001
96522,F17D1N10,MG,,63001
96523,F17D1N5,MG,,63001
96524,F17D1N7,MG,,63001
96525,F17D1N8,MG,,63001
96526,F17D1N9,MG,,63001
96527,F17D2,MG,,63001
96528,F18:0,MG,,63001
96529,F18:1CIS,MG,,63001
96530,F18:1CN12,MG,,63001
96531,F18:1CN7,MG,,63001
96532,F18:1CN9,MG,,63001
96533,F18:1TRS,MG,,63001
96534,F18:2CN6,MG,,63001
96535,F18:2CN9,MG,,63001
96536,F18:2CON,MG,,63001
96537,F18:2CT,MG,,63001
96538,F18:2R,MG,,63001
96539,F18:2TC,MG,,63001
96540,F18:2TRS,MG,,63001
96541,F18:2TTN6,MG,,63001
96542,F18:3CN3,MG,,63001
96543,F18:3CN6,MG,,63001
96544,F18:3TRS,MG,,63001
96545,F18:3TTTN3,MG,,63001
96546,F18:4CN3,MG,,63001
96547,F18D0,MG,,63001
96548,F18D0AI,MG,,63001
96549,F18D0I,MG,,63001
96550,F18D1,MG,,63001
96551,F18D1-,MG,,63001
96552,F18D1C,MG,,63001
96553,F18D1CN11,MG,,63001
96554,F18D1CN3,MG,,63001
96555,F18D1CN4,MG,,63001
96556,F18D1CN5,MG,,63001
96557,F18D1CN6,MG,,63001
96558,F18D1CN7,MG,,63001
96559,F18D1CN9,MG,,63001
96560,F18D1N11,MG,,63001
96561,F18D1N5,MG,,63001
96562,F18D1N6,MG,,63001
96563,F18D1N7,MG,,63001
96564,F18D1N7_A_F18D1N9,MG,,63001
96565,F18D1N9,MG,,63001
96566,F18D1T,MG,,63001
96567,F18D1TN10_A_F18D1TN12,MG,,63001
96568,F18D1TN11,MG,,63001
96569,F18D1TN2,MG,,63001
96570,F18D1TN3,MG,,63001
96571,F18D1TN4_A_F18D1TN5,MG,,63001
96572,F18D1TN6,MG,,63001
96573,F18D1TN7,MG,,63001
96574,F18D1TN8,MG,,63001
96575,F18D1TN9,MG,,63001
96576,F18D2,MG,,63001
96577,F18D2C9T11,MG,,63001
96578,F18D2C9T11_A_F18D2T10C12,MG,,63001
96579,F18D2CN6,MG,,63001
96580,F18D2N4,MG,,63001
96581,F18D2N5,MG,,63001
96582,F18D2N6,MG,,63001
96583,F18D2T,MG,,63001
96584,F18D2T10C12,MG,,63001
96585,F18D2TCON,MG,,63001
96586,F18D2TN6,MG,,63001
96587,F18D2TTN6,MG,,63001
96588,F18D3,MG,,63001
96589,F18D3CN3,MG,,63001
96590,F18D3CN6,MG,,63001
96591,F18D3N3,MG,,63001
96592,F18D3N4,MG,,63001
96593,F18D3N6,MG,,63001
96594,F18D3TN3,MG,,63001
96595,F18D4,MG,,63001
96596,F18D4CN3,MG,,63001
96597,F18D4N1,MG,,63001
96598,F18D4N3,MG,,63001
96599,F18D4N6,MG,,63001
96600,F19:0,MG,,63001
96601,F19D0,MG,,63001
96602,F19D1N10,MG,,63001
96603,F19D1N11,MG,,63001
96604,F20:0,MG,,63001
96605,F20:1CIS,MG,,63001
96606,F20:1CN11,MG,,63001
96607,F20:1CN9,MG,,63001
96608,F20:1TRS,MG,,63001
96609,F20:2CN6,MG,,63001
96610,F20:2TT,MG,,63001
96611,F20:3CN3,MG,,63001
96612,F20:3CN6,MG,,63001
96613,F20:3CN9,MG,,63001
96614,F20:4CN3,MG,,63001
96615,F20:4CN6,MG,,63001
96616,F20:5CN3,MG,,63001
96617,F20D0,MG,,63001
96618,F20D1,MG,,63001
96619,F20D1C,MG,,63001
96620,F20D1CN11,MG,,63001
96621,F20D1CN9,MG,,63001
96622,F20D1N11,MG,,63001
96623,F20D1N11_A_F20D1N13,MG,,63001
96624,F20D1N12,MG,,63001
96625,F20D1N7,MG,,63001
96626,F20D1N7_A_F20D1N9,MG,,63001
96627,F20D1N8,MG,,63001
96628,F20D1N9,MG,,63001
96629,F20D1N9_A_F20D1N11,MG,,63001
96630,F20D1T,MG,,63001
96631,F20D2,MG,,63001
96632,F20D2C,MG,,63001
96633,F20D2CN6,MG,,63001
96634,F20D2N6,MG,,63001
96635,F20D2N9,MG,,63001
96636,F20D3,MG,,63001
96637,F20D3N3,MG,,63001
96638,F20D3N3_A_F20D4N6,MG,,63001
96639,F20D3N6,MG,,63001
96640,F20D3N9,MG,,63001
96641,F20D4,MG,,63001
96642,F20D4CN6,MG,,63001
96643,F20D4N3,MG,,63001
96644,F20D4N6,MG,,63001
96645,F20D4N6_A_F22D1,MG,,63001
96646,F20D5,MG,,63001
96647,F20D5CN3,MG,,63001
96648,F20D5N3,MG,,63001
96649,F21:0,MG,,63001
96650,F21:5CN3,MG,,63001
96651,F21D0,MG,,63001
96652,F21D5N3,MG,,63001
96653,F22:0,MG,,63001
96654,F22:1CIS,MG,,63001
96655,F22:1CN11,MG,,63001
96656,F22:1CN9,MG,,63001
96657,F22:1TRS,MG,,63001
96658,F22:2CN3,MG,,63001
96659,F22:2CN6,MG,,63001
96660,F22:3CN3,MG,,63001
96661,F22:4CN6,MG,,63001
96662,F22:5CN3,MG,,63001
96663,F22:5CN6,MG,,63001
96664,F22:5N6,MG,,63001
96665,F22:6CN3,MG,,63001
96666,F22D0,MG,,63001
96667,F22D1,MG,,63001
96668,F22D1C,MG,,63001
96669,F22D1N11,MG,,63001
96670,F22D1N11_A_F22D1N13,MG,,63001
96671,F22D1N7,MG,,63001
96672,F22D1N9,MG,,63001
96673,F22D1N9_A_F22D1N11,MG,,63001
96674,F22D1T,MG,,63001
96675,F22D2,MG,,63001
96676,F22D2C,MG,,63001
96677,F22D2CN6,MG,,63001
96678,F22D2N6,MG,,63001
96679,F22D2N6.1,MG,,63001
96680,F22D2N9,MG,,63001
96681,F22D3N3,MG,,63001
96682,F22D3N6,MG,,63001
96683,F22D4,MG,,63001
96684,F22D4N3,MG,,63001
96685,F22D4N6,MG,,63001
96686,F22D4N9,MG,,63001
96687,F22D5,MG,,63001
96688,F22D5N3,MG,,63001
96689,F22D5N6,MG,,63001
96690,F22D6,MG,,63001
96691,F22D6CN3,MG,,63001
96692,F22D6N3,MG,,63001
96693,F22D6N6,MG,,63001
96694,F23:0,MG,,63001
96695,F23D0,MG,,63001
96696,F24:0,MG,,63001
96697,F24:1CIS,MG,,63001
96698,F24:1CN9,MG,,63001
96699,F24:1TRS,MG,,63001
96700,F24:2CN6,MG,,63001
96701,F24D0,MG,,63001
96702,F24D1,MG,,63001
96703,F24D1C,MG,,63001
96704,F24D1CN9,MG,,63001
96705,F24D1N11,MG,,63001
96706,F24D1N9,MG,,63001
96707,F24D6N3,MG,,63001
96708,F25:0,MG,,63001
96709,F26:0,MG,,63001
96710,F26D0,MG,,63001
96711,F30D0,MG,,63001
96712,F4:0,MG,,63001
96713,F4D0,MG,,63001
96714,F6:0,MG,,63001
96715,F6D0,MG,,63001
96716,F8:0,MG,,63001
96717,F8D0,MG,,63001
96718,FA 10:0,MG,,63001
96719,FA 12:0,MG,,63001
96720,FA 14:0,MG,,63001
96721,FA 16:0,MG,,63001
96722,FA 18:0,MG,,63001
96723,FA 18:1 n-9 cis,MG,,63001
96724,"FA 18:2 9c,12c (n-6)",MG,,63001
96725,"FA 18:3 c9,c12,c15 (n-3)",MG,,63001
96726,"FA 20:4 5c,8c,11c,14c (n-6)",MG,,63001
96727,FA 4:0,MG,,63001
96728,FA 6:0,MG,,63001
96729,FA 8:0,MG,,63001
96730,FA mono,MG,,63001
96731,FA poly,MG,,63001
96732,FA saturated,MG,,63001
96733,FACF,MG,,63001
96734,FAESS,MG,,63001
96735,FAFRE,MG,,63001
96736,Faktorer m.m.,MG,,63001
96737,FAMS,MG,,63001
96738,FAMSCIS,MG,,63001
96739,FAMSCXR,MG,,63001
96740,FAMSTXR,MG,,63001
96741,FAN3,MG,,63001
96742,FAN6,MG,,63001
96743,FAN9,MG,,63001
96744,FAPU,MG,,63001
96745,FAPUCN3,MG,,63001
96746,FAPUCN6,MG,,63001
96747,FAPUCN9,MG,,63001
96748,FAPULCCN3,MG,,63001
96749,FAPUN3,MG,,63001
96750,FAPUN6,MG,,63001
96751,FAPUN9,MG,,63001
96752,FAPUXR,MG,,63001
96753,FAR,MG,,63001
96754,FASAT,MG,,63001
96755,FASATXR,MG,,63001
96756,FAUN,MG,,63001
96757,Fedt,MG,,63001
96758,Fedtsyrekonverteringsfaktor,MG,,63001
96759,Fer,MG,,63001
96760,FERAC,MG,,63001
96761,FERAC.1,MG,,63001
96762,FERAC.2,MG,,63001
96763,Ferulaldehyde,MG,,63001
96764,FIB-,MG,,63001
96765,FIBAD,MG,,63001
96766,FIBC,MG,,63001
96767,FIBGLCSINS,MG,,63001
96768,FIBGLCSSOL,MG,,63001
96769,FIBHMWS,MG,,63001
96770,FIBINS,MG,,63001
96771,FIBLMW,MG,,63001
96772,FIBND,MG,,63001
96773,FIBPEN,MG,,63001
96774,Fibres,MG,,63001
96775,FIBSOL,MG,,63001
96776,FIBT,MG,,63001
96777,FIBTG,MG,,63001
96778,FIBTGLCS,MG,,63001
96779,FIBTS,MG,,63001
96780,FIBTS Southgate,MG,,63001
96781,Flavanols,MG,,63001
96782,Flavanols/flavans,MG,,63001
96783,FLAVD,MG,,63001
96784,FLAVO,MG,,63001
96785,Fluor,MG,,63001
96786,FOL,MG,,63001
96787,FOL-,MG,,63001
96788,FOLAC,MG,,63001
96789,FOLACN,MG,,63001
96790,Folat,MG,,63001
96791,FOLDFE,MG,,63001
96792,FOLFD,MG,,63001
96793,FOLFM10,MG,,63001
96794,FOLFRE,MG,,63001
96795,FOLH2FM10,MG,,63001
96796,FOLH4,MG,,63001
96797,FOLH4FM5,MG,,63001
96798,FOLH4ME5,MG,,63001
96799,FOLH4MTN5,MG,,63001
96800,Footnote,MG,,63001
96801,Formula,MG,,63001
96802,Fosfor,MG,,63001
96803,Free Sugars,MG,,63001
96804,Frie sukkerarter,MG,,63001
96805,Frit folat,MG,,63001
96806,Fruktose,MG,,63001
96807,FRUOLSAC,MG,,63001
96808,FRUS,MG,,63001
96809,FRUSM,MG,,63001
96810,FUCOS,MG,,63001
96811,FUMAC,MG,,63001
96812,FødevareGruppe,MG,,63001
96813,FødevareNavn,MG,,63001
96814,GABA,MG,,63001
96815,GALAAC,MG,,63001
96816,Galaktose,MG,,63001
96817,Galangin,MG,,63001
96818,GALF(b),MG,,63001
96819,GALFB,MG,,63001
96820,GALLAC,MG,,63001
96821,GALS,MG,,63001
96822,GALSD,MG,,63001
96823,GALSM,MG,,63001
96824,Gamma-tocopherol,MG,,63001
96825,Gamma-tocophérol,MG,,63001
96826,Gamma-tocotrienol,MG,,63001
96827,gamma-Tokoferol,MG,,63001
96828,Gehalte/Value,MG,,63001
96829,GLN,MG,,63001
96830,GLN_A_GLU,MG,,63001
96831,GLOB,MG,,63001
96832,GLU,MG,,63001
96833,GLU_A_HIS,MG,,63001
96834,GLUCNB,MG,,63001
96835,GLUFB,MG,,63001
96836,Glukose,MG,,63001
96837,GLUS,MG,,63001
96838,GLUSM,MG,,63001
96839,Glutaminsyre,MG,,63001
96840,GLY,MG,,63001
96841,GLY_A_SER,MG,,63001
96842,GLYALK,MG,,63001
96843,GLYC,MG,,63001
96844,Glycin,MG,,63001
96845,GLYLIP,MG,,63001
96846,GRP_AM,MG,,63001
96847,GRP_MIN,MG,,63001
96848,GRP_SUGOH,MG,,63001
96849,HAEM,MG,,63001
96850,HEMCEL,MG,,63001
96851,HESPD,MG,,63001
96852,Hieraky,MG,,63001
96853,HIS,MG,,63001
96854,Histamin,MG,,63001
96855,Histamine,MG,,63001
96856,HISTN,MG,,63001
96857,HMDB,MG,,63001
96858,HRR,MG,,63001
96859,Hydroxybenzaldehydes,MG,,63001
96860,Hydroxybenzoketones,MG,,63001
96861,Hydroxycinnamaldehydes,MG,,63001
96862,Hydroxycoumarins,MG,,63001
96863,Hydroxyprolin,MG,,63001
96864,Hydroxytyrosol,MG,,63001
96865,HYL,MG,,63001
96866,HYP,MG,,63001
96867,Høj molekylevægt opløselige kostfibre,MG,,63001
96868,Ikke benyttet,MG,,63001
96869,ILE,MG,,63001
96870,INFDSTAG,MG,,63001
96871,Inositol hexaphosphate (IP6),MG,,63001
96872,Inositol pentaphosphate (IP5),MG,,63001
96873,Inositol tetraphosphate (IP4),MG,,63001
96874,Inositol triphosphate (IP3),MG,,63001
96875,Inositol tétraphosphate (IP4),MG,,63001
96876,Insoluble dietary fibers,MG,,63001
96877,Intrinsic folate,MG,,63001
96878,INULN,MG,,63001
96879,IP3,MG,,63001
96880,IP4,MG,,63001
96881,IP4_A_IP5_A_IP6,MG,,63001
96882,IP5,MG,,63001
96883,IP5_A_IP6,MG,,63001
96884,IP6,MG,,63001
96885,Iron haem,MG,,63001
96886,Iron non-haem,MG,,63001
96887,Is verrijkt met/Is fortified with,MG,,63001
96888,ISBN,MG,,63001
96889,ISOHA,MG,,63001
96890,Isolariciresinol,MG,,63001
96891,Isoleucin,MG,,63001
96892,ISOMALT,MG,,63001
96893,Isoxanthohumol,MG,,63001
96894,ISSCAAP,MG,,63001
96895,ISSN,MG,,63001
96896,Issue,MG,,63001
96897,Jern,MG,,63001
96898,Jod,MG,,63001
96899,Juglone,MG,,63001
96900,K-vitamin,MG,,63001
96901,K1-vitamin,MG,,63001
96902,K2-vitamin,MG,,63001
96903,KAEMF,MG,,63001
96904,Kalium,MG,,63001
96905,KEGG,MG,,63001
96906,Kobber,MG,,63001
96907,Koffein,MG,,63001
96908,Kolesterol,MG,,63001
96909,Kostfibre,MG,,63001
96910,Kostfibre og stivelse,MG,,63001
96911,Krom,MG,,63001
96912,Kviksølv,MG,,63001
96913,L-mælkesyre,MG,,63001
96914,LACAC,MG,,63001
96915,LACACD,MG,,63001
96916,LACACL,MG,,63001
96917,LACFE,MG,,63001
96918,LACS,MG,,63001
96919,LACSM,MG,,63001
96920,Lactitol,MG,,63001
96921,LACTL,MG,,63001
96922,Laktitol,MG,,63001
96923,Laktose,MG,,63001
96924,Language,MG,,63001
96925,Lariciresinol,MG,,63001
96926,Latest Revision in Version,MG,,63001
96927,Lav molekylevægt opløselige kostfibre,MG,,63001
96928,LEU,MG,,63001
96929,Leucin,MG,,63001
96930,LIGN,MG,,63001
96931,Lignans,MG,,63001
96932,LUTEOL,MG,,63001
96933,LUTN,MG,,63001
96934,LUTN_A_ZEA,MG,,63001
96935,LUTNZEA,MG,,63001
96936,LYCPN,MG,,63001
96937,LYS,MG,,63001
96938,Lysin,MG,,63001
96939,Macro nutrients etc.,MG,,63001
96940,Magnésium,MG,,63001
96941,Makronæringstoffer m.m.,MG,,63001
96942,MALAC,MG,,63001
96943,MALS,MG,,63001
96944,MALSM,MG,,63001
96945,Maltitol,MG,,63001
96946,MALTL,MG,,63001
96947,Mangan,MG,,63001
96948,MANS,MG,,63001
96949,MANTL,MG,,63001
96950,Massefylde,MG,,63001
96951,Matairesinol,MG,,63001
96952,Matching comments,MG,,63001
96953,max,MG,,63001
96954,Maximal decimal places,MG,,63001
96955,mean,MG,,63001
96956,Median,MG,,63001
96957,Medioresinol,MG,,63001
96958,Menaquinon 10,MG,,63001
96959,Menaquinon 4,MG,,63001
96960,Menaquinon 5,MG,,63001
96961,Menaquinon 6,MG,,63001
96962,Menaquinon 7,MG,,63001
96963,Menaquinon 8,MG,,63001
96964,Menaquinon 9,MG,,63001
96965,Menaquinone 10,MG,,63001
96966,Menaquinone 4,MG,,63001
96967,Menaquinone 5,MG,,63001
96968,Menaquinone 6,MG,,63001
96969,Menaquinone 7,MG,,63001
96970,Menaquinone 8,MG,,63001
96971,Menaquinone 9,MG,,63001
96972,MET,MG,,63001
96973,Methionin,MG,,63001
96974,MGLY,MG,,63001
96975,min,MG,,63001
96976,Mineraler og uorganisk,MG,,63001
96977,Minerals and inorganic,MG,,63001
96978,Minerals and trace elements,MG,,63001
96979,Miscellaneous,MG,,63001
96980,Missing facet,MG,,63001
96981,MJP,MG,,63001
96982,MK10,MG,,63001
96983,MK4,MG,,63001
96984,MK5,MG,,63001
96985,MK6,MG,,63001
96986,MK7,MG,,63001
96987,MK8,MG,,63001
96988,MK9,MG,,63001
96989,MNSAC,MG,,63001
96990,Molybdæn,MG,,63001
96991,Mono FA/ 100g FA,MG,,63001
96992,Monoumættede fedtsyrer,MG,,63001
96993,MUCIL,MG,,63001
96994,MYRIC,MG,,63001
96995,Mælkesyre,MG,,63001
96996,Mættede fedtsyrer,MG,,63001
96997,Méthode,MG,,63001
96998,n-3 poly /100g FA,MG,,63001
96999,n-6 poly /100g FA,MG,,63001
97000,NACL,MG,,63001
97001,Naphtoquinones,MG,,63001
97002,NARING,MG,,63001
97003,Naringin,MG,,63001
97004,Natrium,MG,,63001
97005,nb_of_publications,MG,,63001
97006,NCBI,MG,,63001
97007,NCF,MG,,63001
97008,NEOX,MG,,63001
97009,NEUROSP,MG,,63001
97010,Neutral detergent fibre,MG,,63001
97011,NEVO-versie/NEVO-version,MG,,63001
97012,NFIBAD,MG,,63001
97013,NHAEM,MG,,63001
97014,NIA,MG,,63001
97015,NIA-,MG,,63001
97016,Niacin (Vit B3),MG,,63001
97017,"Niacin, preformed",MG,,63001
97018,"Niacine, préformée",MG,,63001
97019,Niacinækvivalent,MG,,63001
97020,NIAEQ,MG,,63001
97021,NIATRP,MG,,63001
97022,NICOTAC,MG,,63001
97023,Nikkel,MG,,63001
97024,NITRA,MG,,63001
97025,NITRI,MG,,63001
97026,NNC,MG,,63001
97027,NNP,MG,,63001
97028,non-cellulosic,MG,,63001
97029,Not used,MG,,63001
97030,Notes,MG,,63001
97031,NPRO,MG,,63001
97032,NSP,MG,,63001
97033,NumberOfDeterminations,MG,,63001
97034,NVSUGAF,MG,,63001
97035,NWHEY,MG,,63001
97036,Nøglehulsmærket,MG,,63001
97037,Observation #,MG,,63001
97038,OLSAC,MG,,63001
97039,Ophavsret og copyright,MG,,63001
97040,Opmerking,MG,,63001
97041,Organiske syrer,MG,,63001
97042,ORIGCPCD,MG,,63001
97043,ORN,MG,,63001
97044,Ornithine,MG,,63001
97045,Ornitin,MG,,63001
97046,Other,MG,,63001
97047,Other bioactive compounds,MG,,63001
97048,Other Cholesterol and Phytosterols,MG,,63001
97049,Other nitrogen-containing components,MG,,63001
97050,Other polyphenols,MG,,63001
97051,OXALAC,MG,,63001
97052,Oxalsyre,MG,,63001
97053,PageEnd,MG,,63001
97054,PageStart,MG,,63001
97055,PANTAC,MG,,63001
97056,Pantotensyre,MG,,63001
97057,Pantothenate,MG,,63001
97058,PAPOLY,MG,,63001
97059,ParameterGruppeNavn,MG,,63001
97060,ParameterNavn,MG,,63001
97061,PCHOUAC,MG,,63001
97062,PCHOUAC.1,MG,,63001
97063,PECT,MG,,63001
97064,PHE,MG,,63001
97065,PHE_A_TYR,MG,,63001
97066,PHENAC,MG,,63001
97067,Phenylalanin,MG,,63001
97068,Phenylethylamin,MG,,63001
97069,Phenylethylamine,MG,,63001
97070,PHETN,MG,,63001
97071,PHOAC,MG,,63001
97072,PHOETHN,MG,,63001
97073,PHOINOTL,MG,,63001
97074,PHOLIP,MG,,63001
97075,PHOSER,MG,,63001
97076,Phosphore,MG,,63001
97077,PHY:FE,MG,,63001
97078,PHY:ZN,MG,,63001
97079,PHYT-,MG,,63001
97080,PHYT-:FE,MG,,63001
97081,PHYT-:ZN,MG,,63001
97082,Phytate,MG,,63001
97083,PHYTC-,MG,,63001
97084,PHYTC-:FE,MG,,63001
97085,PHYTC-:ZN,MG,,63001
97086,PHYTCA,MG,,63001
97087,PHYTCA:FE,MG,,63001
97088,PHYTCA:ZN,MG,,63001
97089,PHYTCPP,MG,,63001
97090,PHYTCPP:FE,MG,,63001
97091,PHYTCPP:ZN,MG,,63001
97092,PHYTCPPD,MG,,63001
97093,PHYTCPPD:FE,MG,,63001
97094,PHYTCPPD:ZN,MG,,63001
97095,PHYTCPPI,MG,,63001
97096,PHYTCPPI:FE,MG,,63001
97097,PHYTCPPI:ZN,MG,,63001
97098,PHYTOFLUENCE,MG,,63001
97099,Phytosterol,MG,,63001
97100,Piceatannol,MG,,63001
97101,Pigment A,MG,,63001
97102,Pinoresinol,MG,,63001
97103,Pinosylvin,MG,,63001
97104,Pinotin A,MG,,63001
97105,Plant sterols,MG,,63001
97106,Poly FA /100g FA,MG,,63001
97107,POLYL,MG,,63001
97108,Polymers (>10 mers),MG,,63001
97109,Polyols,MG,,63001
97110,POLYPHENT,MG,,63001
97111,Polyumættede fedtsyrer,MG,,63001
97112,PP-,MG,,63001
97113,PPD,MG,,63001
97114,PPI,MG,,63001
97115,Previous,MG,,63001
97116,PRO,MG,,63001
97117,PROANTCYA,MG,,63001
97118,Processing,MG,,63001
97119,PROCYA,MG,,63001
97120,Prolin,MG,,63001
97121,PROPAC,MG,,63001
97122,Propionsyre,MG,,63001
97123,PROT,MG,,63001
97124,PROT-,MG,,63001
97125,PROTA,MG,,63001
97126,PROTAN,MG,,63001
97127,PROTCNA,MG,,63001
97128,PROTCNP,MG,,63001
97129,PROTCNT,MG,,63001
97130,Protocatechuic aldehyde,MG,,63001
97131,PROTPL,MG,,63001
97132,PSACNC,MG,,63001
97133,PSACNSI,MG,,63001
97134,PSACNSS,MG,,63001
97135,Pterostilbene,MG,,63001
97136,Publication year,MG,,63001
97137,Publisher,MG,,63001
97138,Putrescin,MG,,63001
97139,Putrescine,MG,,63001
97140,PUTRSC,MG,,63001
97141,Pyrogallol,MG,,63001
97142,PYRXN,MG,,63001
97143,PYRXNHCL,MG,,63001
97144,QUERCE,MG,,63001
97145,QUINAC,MG,,63001
97146,RAFS,MG,,63001
97147,RAFSM,MG,,63001
97148,RdV,MG,,63001
97149,ReportNumber,MG,,63001
97150,ResVal,MG,,63001
97151,Resveratrol,MG,,63001
97152,RESVTROL,MG,,63001
97153,Retinaldehyde,MG,,63001
97154,Retinol activity equialents (RAE),MG,,63001
97155,RETOL,MG,,63001
97156,RETOL(IU),MG,,63001
97157,RETOL13,MG,,63001
97158,RETOLAT,MG,,63001
97159,RETOLDH,MG,,63001
97160,RETOLEQ,MG,,63001
97161,Rhamnetin,MG,,63001
97162,RHAS,MG,,63001
97163,RIBF,MG,,63001
97164,Riboflavin (B2-vitamin),MG,,63001
97165,Riboflavin (Vit B2),MG,,63001
97166,Riboflavin (vitamin B2),MG,,63001
97167,Riboflavine (vitamine B2),MG,,63001
97168,RIBS,MG,,63001
97169,RUTIN,MG,,63001
97170,Rétinol,MG,,63001
97171,Sakkarose,MG,,63001
97172,SALAC,MG,,63001
97173,Salt,MG,,63001
97174,Salt deklaration,MG,,63001
97175,Salt labelling,MG,,63001
97176,SAPON,MG,,63001
97177,Satd FA /100g FA,MG,,63001
97178,Satd FA /100g fd,MG,,63001
97179,Scopoletin,MG,,63001
97180,Season,MG,,63001
97181,Secoisolariciresinol,MG,,63001
97182,SED,MG,,63001
97183,Selen,MG,,63001
97184,SER,MG,,63001
97185,Serin,MG,,63001
97186,SEROTN,MG,,63001
97187,Serotonin,MG,,63001
97188,SHIKAC,MG,,63001
97189,Significant figures,MG,,63001
97190,Silicium,MG,,63001
97191,Sinapaldehyde,MG,,63001
97192,SINPAC,MG,,63001
97193,SITSTR,MG,,63001
97194,SMILES,MG,,63001
97195,SML,MG,,63001
97196,SMR,MG,,63001
97197,SN.1,MG,,63001
97198,SOLAA,MG,,63001
97199,Somme des macronutriments,MG,,63001
97200,Somme des macronutriments (SOP),MG,,63001
97201,SOP,MG,,63001
97202,SortKey,MG,,63001
97203,SORTL,MG,,63001
97204,Species/Subspecies,MG,,63001
97205,SPERDN,MG,,63001
97206,Spermin,MG,,63001
97207,Spermine,MG,,63001
97208,SPERN,MG,,63001
97209,Spoor / Verrijkt/Trace / Fortified,MG,,63001
97210,SQUAL,MG,,63001
97211,STARCH-,MG,,63001
97212,Starch/Glycogen,MG,,63001
97213,STARCHAVLDF,MG,,63001
97214,STARCHM,MG,,63001
97215,STARES,MG,,63001
97216,STARES3,MG,,63001
97217,STAS,MG,,63001
97218,STASM,MG,,63001
97219,Steroler,MG,,63001
97220,Sterols,MG,,63001
97221,STERT,MG,,63001
97222,STGSTR,MG,,63001
97223,Stilbenes,MG,,63001
97224,Stivelse/Glykogen,MG,,63001
97225,SUCAC,MG,,63001
97226,SUCS,MG,,63001
97227,SUCSM,MG,,63001
97228,SUGAD,MG,,63001
97229,SUGAR,MG,,63001
97230,SUGAR-,MG,,63001
97231,SUGARM,MG,,63001
97232,SUGNRD,MG,,63001
97233,SUGRD,MG,,63001
97234,Sukkerstoffer,MG,,63001
97235,Svind,MG,,63001
97236,Svovl,MG,,63001
97237,Synoniem,MG,,63001
97238,SYRAC,MG,,63001
97239,Syringaldehyde,MG,,63001
97240,Syringaresinol,MG,,63001
97241,TAN,MG,,63001
97242,Tannins,MG,,63001
97243,TARAC,MG,,63001
97244,TAU,MG,,63001
97245,Taurin,MG,,63001
97246,TGLY,MG,,63001
97247,THIA,MG,,63001
97248,THIA-,MG,,63001
97249,THIAHCL,MG,,63001
97250,Thiamin (B1-vitamin),MG,,63001
97251,Thiamin (Vit B1),MG,,63001
97252,Thiamin (Vitamin B1),MG,,63001
97253,Thiamine,MG,,63001
97254,Thiamine (vitamin B1),MG,,63001
97255,Thiamine (vitamine B1),MG,,63001
97256,THR,MG,,63001
97257,Threonin,MG,,63001
97258,Tilsat Sukker,MG,,63001
97259,TitelDansk,MG,,63001
97260,TitleEnglish,MG,,63001
97261,TitleOriginal,MG,,63001
97262,TOCPHA,MG,,63001
97263,TOCPHA(IU),MG,,63001
97264,TOCPHB,MG,,63001
97265,TOCPHB_A_TOCPHG,MG,,63001
97266,TOCPHD,MG,,63001
97267,TOCPHG,MG,,63001
97268,TOCPHT,MG,,63001
97269,TOCTRA,MG,,63001
97270,TOCTRB,MG,,63001
97271,TOCTRD,MG,,63001
97272,TOCTRG,MG,,63001
97273,Toxic trace elements and contaminants,MG,,63001
97274,Trachelogenin,MG,,63001
97275,Trans FAs /100g FA,MG,,63001
97276,trans monounsaturated /100g FA,MG,,63001
97277,trans poly /100g FA,MG,,63001
97278,TRES,MG,,63001
97279,TRP,MG,,63001
97280,Tryptofan,MG,,63001
97281,Tryptophan/60,MG,,63001
97282,Tryptophane,MG,,63001
97283,TYR,MG,,63001
97284,TYRA,MG,,63001
97285,Tyramin,MG,,63001
97286,Tyramine,MG,,63001
97287,Tyrosin,MG,,63001
97288,Tyrosols,MG,,63001
97289,Tørstof,MG,,63001
97290,Umbelliferone,MG,,63001
97291,unknown C16 poly /100g FA,MG,,63001
97292,unknown C18 poly /100g FA,MG,,63001
97293,unknown C20 poly /100 FA,MG,,63001
97294,unknown C22 poly /100g FA,MG,,63001
97295,Uopløselige kostfibre,MG,,63001
97296,URL,MG,,63001
97297,VAL,MG,,63001
97298,Valin,MG,,63001
97299,VANAC,MG,,63001
97300,Vanillin,MG,,63001
97301,VERS,MG,,63001
97302,VIOLX,MG,,63001
97303,VITA,MG,,63001
97304,VITA-,MG,,63001
97305,VITA-(IU),MG,,63001
97306,VITA_RAE,MG,,63001
97307,VITA_RE,MG,,63001
97308,VITAACT,MG,,63001
97309,"Vitamin A, retinol",MG,,63001
97310,Vitamin B1 or Thiamin,MG,,63001
97311,Vitamin B12,MG,,63001
97312,Vitamin B2 or Riboflavin,MG,,63001
97313,Vitamin B3 or Niacin,MG,,63001
97314,Vitamin B6,MG,,63001
97315,Vitamin C,MG,,63001
97316,Vitamin D,MG,,63001
97317,Vitamin D2,MG,,63001
97318,Vitamin D3,MG,,63001
97319,Vitamin K,MG,,63001
97320,Vitamin K1,MG,,63001
97321,Vitamin K2,MG,,63001
97322,Vitamine A (exprimée en équivalent rétinol),MG,,63001
97323,Vitamine B12,MG,,63001
97324,Vitamine B6,MG,,63001
97325,Vitamine C,MG,,63001
97326,Vitamine D,MG,,63001
97327,Vitaminer,MG,,63001
97328,Vitamins,MG,,63001
97329,VITB12,MG,,63001
97330,VITB6,MG,,63001
97331,VITB6-,MG,,63001
97332,VITB6A,MG,,63001
97333,VITB6C,MG,,63001
97334,VITC,MG,,63001
97335,VITC-,MG,,63001
97336,VITD,MG,,63001
97337,VITD-,MG,,63001
97338,VITDEQ,MG,,63001
97339,VITE,MG,,63001
97340,VITE-,MG,,63001
97341,VITE-(IU),MG,,63001
97342,VITEA(IU),MG,,63001
97343,Vitisin A,MG,,63001
97344,VITK,MG,,63001
97345,VITK1,MG,,63001
97346,VITK2,MG,,63001
97347,Voedingsstof,MG,,63001
97348,Voedingsstofgroep,MG,,63001
97349,Volume,MG,,63001
97350,WASTE,MG,,63001
97351,WAX,MG,,63001
97352,Xanthohumol,MG,,63001
97353,XFA (internal use),MG,,63001
97354,XYLS,MG,,63001
97355,XYLTL,MG,,63001
97356,Year,MG,,63001
97357,ZEA,MG,,63001
97358,Zink,MG,,63001
97359,Energie,MG,,63001
97360,Equivalent beta-carotene ou,MG,,63001
97361,ParameterNavn,MG,,63001
